{"orX":{"min":0.0,"max":359.0},"orY":{"min":-178.0,"max":169.0},"orZ":{"min":-86.0,"max":88.0},"rX":{"min":-0.712191,"max":0.80416},"rY":{"min":-0.556955,"max":0.723168},"rZ":{"min":-0.999912,"max":0.999904},"accX":{"min":-19.5367,"max":15.8592},"accY":{"min":-14.4801,"max":19.575},"accZ":{"min":-5.97593,"max":19.575},"gX":{"min":-13.6577,"max":13.6584},"gY":{"min":-7.98642,"max":9.89553},"gZ":{"min":-3.8281,"max":14.4923},"mX":{"min":-139.2,"max":78.8},"mY":{"min":-70.0,"max":158.4},"mZ":{"min":-107.2,"max":77.2},"lux":{"min":0.0,"max":15000.0},"soundLevel":{"min":-26.57,"max":70.62}}